id,speaker,text
"intro_001","Shon","חבר'ה, תראו את הבית הזה! בואו נצלם שם סרטון."
"intro_002","James","יאללה, אני בפנים. הסרטון הזה הולך להתפוצץ!"
"intro_003","Gregory","אני מפחד. אבל אתם החברים היחידים שלי, אז כנראה שאני נכנס."
"intro_004","Shon","מי מצלם את הדרך פנימה?"
"intro_005","Gregory","אני מצלם את הדרך החוצה, תודה."
"gate_001","Guard","מי שם? המקום סגור!"
"gate_002","James","יש פח מתכת. אני מריח פה תוכנית מטופשת."
"gate_003","Gregory","לא יכול להיות שאנחנו באמת מתכננים להסתנן לבית רדוף."
"courtyard_001","Shon","הצלחנו! היי, הדלת הזאת זזה?"
"courtyard_002","Gregory","יופי, עכשיו אפילו הבית עצמו לא רוצה שנצא."
"salon_001","Shon","למה כל הבובות מסתכלות עלינו?"
"salon_002","Gregory","היא הזיזה את הראש! אתם ראיתם את זה?!"
"salon_003","Romi","התמונה הזאת קרועה. בואו נחפש את החצי השני."
"salon_004","James","מצאתי עין זכוכית. לא שואל למה היא פה."
"salon_005","Romi","המנגינה מחזירה את המבט. זאת לא סתם כותרת מוזרה."
"salon_006","Doll","תודה... עכשיו אפשר לנגן..."
"salon_007","Itzik","אף אחד לא נוגע בבובה לבד. אני מכיר את הסיפורים האלה."
"salon_008","James","המנגינה התחילה! רגע, למה נדלק אור מאחורי הווילון?"
"salon_009","Romi","המפתח החלוד אצלנו. שון, הדלת לספרייה מחכה."
"portal_001","Shon","רגע, זה אקדח פורטלים שכתוב עליו קוקה קולה?"
"portal_002","James","לפחות יש חסות. חבל שהיא מהיקום הלא נכון."
"police_001","Itzik","אני מבקש מכולם לשמור על קור רוח. כולל ממני."
"switch_001","Romi","שון, אני מחזיקה את המתג הראשון. אתה בשני!"
"switch_002","Shon","שלוש, שתיים, אחת. עכשיו!"
"ending_001","Gregory","אני לא מאמין שיצאנו משם בחיים."
"ending_002","James","רגע, הסרטון על מיליון צפיות!"
"ending_003","Romi","אז בפעם הבאה אתם פשוט מצלמים בחצר, ברור?"
